{"nodes": [{"caption": "Sardar Hussain Babak", "id": 0, "root": true}, {"caption": "Alma mater", "id": 1}, {"caption": "Ameer Haider Khan Hoti", "id": 2}, {"caption": "Awami National Party", "id": 3}, {"caption": "Buner District", "id": 4}, {"caption": "Constituency PK-77 (Buner-I)", "id": 5}, {"caption": "Government Superior Science College Peshawar", "id": 6}, {"caption": "Government of Khyber Pakhtunkhwa", "id": 7}, {"caption": "Incumbent", "id": 8}, {"caption": "Islamia College University", "id": 9}, {"caption": "Khyber Pakhtunkhwa Assembly", "id": 10}, {"caption": "Maulana Fazal Ali Haqqani", "id": 11}, {"caption": "Mehtab Ahmed Khan Abbasi", "id": 12}, {"caption": "Muhammad Atif (politician)", "id": 13}, {"caption": "Muhammad Karim Babak", "id": 14}, {"caption": "Pakistani", "id": 15}, {"caption": "Provincial Assembly of Khyber Pakhtunkhwa", "id": 16}, {"caption": "Totalai", "id": 17}, {"caption": "University of Peshawar", "id": 18}, {"caption": "Urdu language", "id": 19}], "edges": [{"source": 2, "target": 1}, {"source": 2, "target": 3}, {"source": 2, "target": 8}, {"source": 2, "target": 15}, {"source": 2, "target": 16}, {"source": 2, "target": 19}, {"source": 3, "target": 2}, {"source": 3, "target": 16}, {"source": 3, "target": 0}, {"source": 3, "target": 19}, {"source": 4, "target": 3}, {"source": 4, "target": 16}, {"source": 4, "target": 17}, {"source": 4, "target": 19}, {"source": 6, "target": 9}, {"source": 6, "target": 18}, {"source": 7, "target": 10}, {"source": 7, "target": 13}, {"source": 7, "target": 16}, {"source": 7, "target": 18}, {"source": 7, "target": 19}, {"source": 9, "target": 18}, {"source": 9, "target": 19}, {"source": 10, "target": 16}, {"source": 14, "target": 3}, {"source": 14, "target": 5}, {"source": 14, "target": 10}, {"source": 14, "target": 16}, {"source": 14, "target": 0}, {"source": 16, "target": 3}, {"source": 16, "target": 4}, {"source": 16, "target": 7}, {"source": 16, "target": 10}, {"source": 0, "target": 1}, {"source": 0, "target": 2}, {"source": 0, "target": 3}, {"source": 0, "target": 4}, {"source": 0, "target": 5}, {"source": 0, "target": 6}, {"source": 0, "target": 7}, {"source": 0, "target": 8}, {"source": 0, "target": 9}, {"source": 0, "target": 10}, {"source": 0, "target": 11}, {"source": 0, "target": 12}, {"source": 0, "target": 13}, {"source": 0, "target": 14}, {"source": 0, "target": 15}, {"source": 0, "target": 16}, {"source": 0, "target": 17}, {"source": 0, "target": 18}, {"source": 0, "target": 19}, {"source": 17, "target": 4}, {"source": 18, "target": 9}, {"source": 18, "target": 18}, {"source": 18, "target": 19}]}